country,year,development_status,actual_co2_per_capita,predicted_co2_per_capita,prediction_error,absolute_error,accuracy_category
United States,2019,Developing,614499.9879370512,626923.8848270187,-12423.896889967495,12423.896889967495,Excellent (<10%)
United States,2020,Developing,109450.19534128463,177610.930757293,-68160.73541600838,68160.73541600838,Poor (>50%)
United States,2021,Developing,585135.0190048179,601295.5824916299,-16160.563486811938,16160.563486811938,Excellent (<10%)
United States,2022,Developing,286729.3974994249,292774.04332365026,-6044.645824225387,6044.645824225387,Excellent (<10%)
China,2019,Developing,224039.7007169776,268024.06712198135,-43984.36640500376,43984.36640500376,Good (10-25%)
China,2020,Developing,439593.6679976029,416878.31406493596,22715.35393266694,22715.35393266694,Excellent (<10%)
China,2021,Developing,530549.5515095739,508506.6658946714,22042.885614902538,22042.885614902538,Excellent (<10%)
China,2022,Developing,304986.9925230904,384950.00228867325,-79963.00976558286,79963.00976558286,Fair (25-50%)
India,2019,Developing,85405.28786423041,125441.48518883208,-40036.19732460167,40036.19732460167,Fair (25-50%)
India,2020,Developing,243073.41474309628,193704.68111685556,49368.73362624072,49368.73362624072,Good (10-25%)
India,2021,Developing,336676.673219243,421232.5761982832,-84555.90297904017,84555.90297904017,Fair (25-50%)
India,2022,Developing,491145.8155544387,503710.64327950636,-12564.827725067677,12564.827725067677,Excellent (<10%)
Germany,2019,Developing,265490.5844718109,258724.63953177925,6765.944940031652,6765.944940031652,Excellent (<10%)
Germany,2020,Developing,226538.26013166623,269011.67930031824,-42473.419168652006,42473.419168652006,Good (10-25%)
Germany,2021,Developing,528472.8959795334,469681.08269288787,58791.81328664557,58791.81328664557,Good (10-25%)
Germany,2022,Developing,92066.10209598154,136440.14248133748,-44374.04038535594,44374.04038535594,Fair (25-50%)
United Kingdom,2019,Least Developed,161086.61945863318,213275.17215567903,-52188.552697045845,52188.552697045845,Fair (25-50%)
United Kingdom,2020,Least Developed,439320.7887331517,485503.196729539,-46182.40799638734,46182.40799638734,Good (10-25%)
United Kingdom,2021,Least Developed,522380.0312842023,523612.78987445193,-1232.7585902496357,1232.7585902496357,Excellent (<10%)
United Kingdom,2022,Least Developed,134802.56889612242,157860.91605553826,-23058.347159415833,23058.347159415833,Good (10-25%)
France,2019,Developing,714924.0315558764,638378.2979309567,76545.73362491967,76545.73362491967,Good (10-25%)
France,2020,Developing,729373.3449158949,611978.1122420498,117395.23267384514,117395.23267384514,Good (10-25%)
France,2021,Developing,461310.18250945606,480174.83675338665,-18864.654243930592,18864.654243930592,Excellent (<10%)
France,2022,Developing,559084.4674569067,542130.4118257433,16954.055631163414,16954.055631163414,Excellent (<10%)
Brazil,2019,Developed,241038.256869176,258059.75714731694,-17021.500278140942,17021.500278140942,Excellent (<10%)
Brazil,2020,Developed,219305.3988998486,226484.73231087296,-7179.3334110243595,7179.3334110243595,Excellent (<10%)
Brazil,2021,Developed,260271.22598813983,237563.49289860923,22707.733089530608,22707.733089530608,Excellent (<10%)
Brazil,2022,Developed,61564.69768951303,90606.22800525621,-29041.530315743184,29041.530315743184,Fair (25-50%)
Canada,2019,Developing,398978.1541997583,448069.61301191815,-49091.458812159835,49091.458812159835,Good (10-25%)
Canada,2020,Developing,360260.5028762745,339979.0982996596,20281.404576614907,20281.404576614907,Excellent (<10%)
Canada,2021,Developing,544613.1032264769,491800.13585920027,52812.967367276666,52812.967367276666,Excellent (<10%)
Canada,2022,Developing,509737.436713381,558305.0265199104,-48567.58980652946,48567.58980652946,Excellent (<10%)
Russia,2019,Developing,206255.54749683928,236094.91542739238,-29839.367930553097,29839.367930553097,Good (10-25%)
Russia,2020,Developing,401730.9769707103,421609.205823171,-19878.228852460685,19878.228852460685,Excellent (<10%)
Russia,2021,Developing,262094.79198983003,316909.7272658819,-54814.93527605187,54814.93527605187,Good (10-25%)
Russia,2022,Developing,317467.2123305217,364938.77078688535,-47471.55845636362,47471.55845636362,Good (10-25%)
Japan,2019,Least Developed,458472.7534383954,471443.49501117616,-12970.741572780767,12970.741572780767,Excellent (<10%)
Japan,2020,Least Developed,147450.9621083291,149050.32214172685,-1599.3600333977374,1599.3600333977374,Excellent (<10%)
Japan,2021,Least Developed,414167.9099174817,454154.35994300613,-39986.45002552442,39986.45002552442,Excellent (<10%)
Japan,2022,Least Developed,480473.2469875249,410721.7759064134,69751.47108111152,69751.47108111152,Good (10-25%)
Australia,2019,Developed,245633.1049720241,260958.50523538177,-15325.400263357675,15325.400263357675,Excellent (<10%)
Australia,2020,Developed,104467.5740606924,126817.24623264495,-22349.672171952552,22349.672171952552,Good (10-25%)
Australia,2021,Developed,297770.8503959251,294988.1468532304,2782.7035426946823,2782.7035426946823,Excellent (<10%)
Australia,2022,Developed,196954.60779145476,236147.54387533467,-39192.936083879904,39192.936083879904,Good (10-25%)
Italy,2019,Developed,136400.84211736263,182817.28231301074,-46416.440195648116,46416.440195648116,Fair (25-50%)
Italy,2020,Developed,61673.326761175085,66507.99366937591,-4834.666908200823,4834.666908200823,Excellent (<10%)
Italy,2021,Developed,165907.81826067463,165955.17131378673,-47.35305311210686,47.35305311210686,Excellent (<10%)
Italy,2022,Developed,172224.93058896312,222464.52855779591,-50239.59796883279,50239.59796883279,Fair (25-50%)
Spain,2019,Developed,313478.6094227994,245235.57229505142,68243.03712774796,68243.03712774796,Good (10-25%)
Spain,2020,Developed,222068.6043579514,201931.87649470934,20136.727863242064,20136.727863242064,Excellent (<10%)
Spain,2021,Developed,231342.23980584252,211953.95124605516,19388.288559787354,19388.288559787354,Excellent (<10%)
Spain,2022,Developed,103670.64201085152,115977.2918762013,-12306.649865349784,12306.649865349784,Good (10-25%)
Netherlands,2019,Least Developed,337520.2722390228,363933.6109094606,-26413.338670437806,26413.338670437806,Excellent (<10%)
Netherlands,2020,Least Developed,318461.92677719874,401086.1207110663,-82624.19393386756,82624.19393386756,Fair (25-50%)
Netherlands,2021,Least Developed,84625.57523036531,144025.7914999652,-59400.2162695999,59400.2162695999,Poor (>50%)
Netherlands,2022,Least Developed,103759.32537473664,134185.67406071152,-30426.34868597488,30426.34868597488,Fair (25-50%)
Sweden,2019,Developing,278064.1688017114,305806.9046468125,-27742.735845101066,27742.735845101066,Excellent (<10%)
Sweden,2020,Developing,354730.42879416584,461043.7347070565,-106313.30591289065,106313.30591289065,Fair (25-50%)
Sweden,2021,Developing,304809.87762284285,389526.7151009476,-84716.83747810475,84716.83747810475,Fair (25-50%)
Sweden,2022,Developing,726350.0009987017,597179.6529083174,129170.34809038427,129170.34809038427,Good (10-25%)
Norway,2019,Developed,48215.5168038558,101369.13623228415,-53153.61942842835,53153.61942842835,Poor (>50%)
Norway,2020,Developed,158253.5297711562,195364.04896230696,-37110.51919115076,37110.51919115076,Good (10-25%)
Norway,2021,Developed,103910.9390563888,125447.72477523885,-21536.78571885005,21536.78571885005,Good (10-25%)
Norway,2022,Developed,118426.77234094906,118062.69299137792,364.0793495711405,364.0793495711405,Excellent (<10%)
Denmark,2019,Developing,212648.9693706805,210121.78174652287,2527.187624157639,2527.187624157639,Excellent (<10%)
Denmark,2020,Developing,669487.4205679629,594456.4827909115,75030.93777705147,75030.93777705147,Good (10-25%)
Denmark,2021,Developing,826063.9406093461,645677.7503846027,180386.19022474345,180386.19022474345,Good (10-25%)
Denmark,2022,Developing,317569.03226610005,297966.12154010264,19602.91072599741,19602.91072599741,Excellent (<10%)
Finland,2019,Developing,178926.980330303,222662.5369687404,-43735.55663843741,43735.55663843741,Good (10-25%)
Finland,2020,Developing,673793.141935848,479860.80250854214,193932.3394273059,193932.3394273059,Fair (25-50%)
Finland,2021,Developing,621540.911377983,481300.02852321026,140240.8828547728,140240.8828547728,Good (10-25%)
Finland,2022,Developing,208019.5642960331,195093.70212663768,12925.862169395405,12925.862169395405,Excellent (<10%)
Poland,2019,Least Developed,923487.6017794282,652442.9417601061,271044.66001932207,271044.66001932207,Fair (25-50%)
Poland,2020,Least Developed,192358.79532575508,259188.89035349127,-66830.09502773618,66830.09502773618,Fair (25-50%)
Poland,2021,Least Developed,666891.8969921812,615271.9311061208,51619.96588606038,51619.96588606038,Excellent (<10%)
Poland,2022,Least Developed,666142.632331722,587971.4277356685,78171.20459605346,78171.20459605346,Good (10-25%)
Turkey,2019,Developing,740353.0495250594,604664.6005600606,135688.44896499882,135688.44896499882,Good (10-25%)
Turkey,2020,Developing,242208.0354409904,251574.5045014217,-9366.469060431293,9366.469060431293,Excellent (<10%)
Turkey,2021,Developing,746681.8405576019,640664.9277616432,106016.91279595869,106016.91279595869,Good (10-25%)
Turkey,2022,Developing,342178.68073640333,440806.5998287958,-98627.91909239249,98627.91909239249,Fair (25-50%)
Mexico,2019,Developing,642952.0857171355,546033.0951465114,96918.99057062401,96918.99057062401,Good (10-25%)
Mexico,2020,Developing,583377.5277554931,569141.3997979554,14236.127957537654,14236.127957537654,Excellent (<10%)
Mexico,2021,Developing,382280.3454389861,388703.0635365083,-6422.7180975222145,6422.7180975222145,Excellent (<10%)
Mexico,2022,Developing,167481.46252723693,164695.631325522,2785.831201714929,2785.831201714929,Excellent (<10%)
Argentina,2019,Developing,152806.9676622889,161563.0095884317,-8756.041926142818,8756.041926142818,Excellent (<10%)
Argentina,2020,Developing,225955.3794668656,266529.89875752927,-40574.51929066368,40574.51929066368,Good (10-25%)
Argentina,2021,Developing,220161.81702295807,237981.86708074983,-17820.050057791756,17820.050057791756,Excellent (<10%)
Argentina,2022,Developing,609708.5288183889,588739.9507118678,20968.578106521163,20968.578106521163,Excellent (<10%)
Saudi Arabia,2019,Developing,435901.77197365655,436131.4335794045,-229.66160574794048,229.66160574794048,Excellent (<10%)
Saudi Arabia,2020,Developing,351473.8098768637,423666.340361466,-72192.53048460226,72192.53048460226,Good (10-25%)
Saudi Arabia,2021,Developing,244679.55830373956,284573.91860884253,-39894.36030510298,39894.36030510298,Good (10-25%)
Saudi Arabia,2022,Developing,346424.8597324303,326399.129552924,20025.730179506296,20025.730179506296,Excellent (<10%)
UAE,2019,Least Developed,427947.3967474408,462884.1887348314,-34936.79198739061,34936.79198739061,Excellent (<10%)
UAE,2020,Least Developed,248069.15680089916,256156.14594818695,-8086.9891472877935,8086.9891472877935,Excellent (<10%)
UAE,2021,Least Developed,203555.0084346116,251003.9842577969,-47448.97582318529,47448.97582318529,Good (10-25%)
UAE,2022,Least Developed,111727.94408701493,121119.67915756916,-9391.735070554234,9391.735070554234,Excellent (<10%)
South Korea,2019,Developing,365085.6743753875,357672.89043014945,7412.783945238043,7412.783945238043,Excellent (<10%)
South Korea,2020,Developing,712275.3891747253,622244.3455768618,90031.04359786352,90031.04359786352,Good (10-25%)
South Korea,2021,Developing,225527.75783877808,219179.8088647365,6347.948974041588,6347.948974041588,Excellent (<10%)
South Korea,2022,Developing,512823.9285263325,502068.20197301626,10755.726553316228,10755.726553316228,Excellent (<10%)
Indonesia,2019,Developing,264623.28903732065,282470.1492715252,-17846.860234204563,17846.860234204563,Excellent (<10%)
Indonesia,2020,Developing,148911.41358055297,221845.63337664094,-72934.21979608797,72934.21979608797,Fair (25-50%)
Indonesia,2021,Developing,432484.2826329643,419329.3769276647,13154.905705299636,13154.905705299636,Excellent (<10%)
Indonesia,2022,Developing,609463.2386677612,513741.6994645543,95721.53920320689,95721.53920320689,Good (10-25%)
Thailand,2019,Least Developed,358471.8369933596,306435.74904185586,52036.08795150375,52036.08795150375,Good (10-25%)
Thailand,2020,Least Developed,302841.2541045043,220683.81883268413,82157.43527182017,82157.43527182017,Fair (25-50%)
Thailand,2021,Least Developed,758410.2306148816,607020.3504312314,151389.88018365018,151389.88018365018,Good (10-25%)
Thailand,2022,Least Developed,793301.2112642446,552622.9449298506,240678.266334394,240678.266334394,Fair (25-50%)
Malaysia,2019,Developing,301446.5642520103,375049.9092049166,-73603.34495290631,73603.34495290631,Good (10-25%)
Malaysia,2020,Developing,668447.0311640762,529139.3379007371,139307.6932633391,139307.6932633391,Good (10-25%)
Malaysia,2021,Developing,353735.1197315135,392847.3081963631,-39112.188464849605,39112.188464849605,Good (10-25%)
Malaysia,2022,Developing,601864.7432784413,531511.8333343801,70352.90994406119,70352.90994406119,Good (10-25%)
Singapore,2019,Least Developed,481110.539499875,468344.51906817,12766.020431704994,12766.020431704994,Excellent (<10%)
Singapore,2020,Least Developed,262236.86623995507,243764.2554185139,18472.610821441165,18472.610821441165,Excellent (<10%)
Singapore,2021,Least Developed,484817.8549492814,460880.8440331405,23937.01091614086,23937.01091614086,Excellent (<10%)
Singapore,2022,Least Developed,361134.4397603285,430005.96202665055,-68871.52226632205,68871.52226632205,Good (10-25%)
Philippines,2019,Developing,510800.1940291596,426074.2480181568,84725.94601100282,84725.94601100282,Good (10-25%)
Philippines,2020,Developing,161837.58603229406,154861.12510656627,6976.460925727792,6976.460925727792,Excellent (<10%)
Philippines,2021,Developing,230338.11845672328,251887.92822375175,-21549.809767028462,21549.809767028462,Excellent (<10%)
Philippines,2022,Developing,501059.3234068571,505673.9453028996,-4614.6218960424885,4614.6218960424885,Excellent (<10%)
Vietnam,2019,Developing,306478.852015828,378721.02742443525,-72242.17540860723,72242.17540860723,Good (10-25%)
Vietnam,2020,Developing,590723.9722895577,550185.8596387657,40538.112650792,40538.112650792,Excellent (<10%)
Vietnam,2021,Developing,263186.7474762375,286290.11136116536,-23103.36388492788,23103.36388492788,Excellent (<10%)
Vietnam,2022,Developing,679957.3862740545,597011.8296783414,82945.55659571313,82945.55659571313,Good (10-25%)
Egypt,2019,Developing,248392.7920254226,271565.92519840796,-23173.13317298537,23173.13317298537,Excellent (<10%)
Egypt,2020,Developing,281025.4675721076,290207.20090521174,-9181.733333104115,9181.733333104115,Excellent (<10%)
Egypt,2021,Developing,190619.6028819525,249734.40055351838,-59114.79767156587,59114.79767156587,Fair (25-50%)
Egypt,2022,Developing,233066.41676798652,259195.82535566157,-26129.408587675047,26129.408587675047,Good (10-25%)
Nigeria,2019,Developing,335662.74226726417,326328.31515659706,9334.427110667108,9334.427110667108,Excellent (<10%)
Nigeria,2020,Developing,587736.0911873677,567261.2836299837,20474.807557384018,20474.807557384018,Excellent (<10%)
Nigeria,2021,Developing,434193.357697321,483359.6200911384,-49166.26239381742,49166.26239381742,Good (10-25%)
Nigeria,2022,Developing,731249.6209239416,626133.1991299905,105116.42179395107,105116.42179395107,Good (10-25%)
South Africa,2019,Developing,627560.1185557095,500170.7593551327,127389.35920057679,127389.35920057679,Good (10-25%)
South Africa,2020,Developing,608702.4645445143,458182.3806801701,150520.08386434423,150520.08386434423,Good (10-25%)
South Africa,2021,Developing,81296.223229944,127169.65123976559,-45873.4280098216,45873.4280098216,Poor (>50%)
South Africa,2022,Developing,556262.9355611872,504870.66560758493,51392.269953602285,51392.269953602285,Excellent (<10%)
Morocco,2019,Least Developed,734938.8166060767,633429.1882677778,101509.62833829888,101509.62833829888,Good (10-25%)
Morocco,2020,Least Developed,330485.6542172359,370180.03855370835,-39694.38433647243,39694.38433647243,Good (10-25%)
Morocco,2021,Least Developed,754376.0700865749,636532.7993648257,117843.27072174917,117843.27072174917,Good (10-25%)
Morocco,2022,Least Developed,403518.6464360444,443447.02697250777,-39928.380536463344,39928.380536463344,Excellent (<10%)
Kenya,2019,Developed,55032.02476732235,76142.93308187708,-21110.908314554734,21110.908314554734,Fair (25-50%)
Kenya,2020,Developed,89638.45155894,128842.93860477592,-39204.48704583592,39204.48704583592,Fair (25-50%)
Kenya,2021,Developed,39857.542348270064,77639.33511436025,-37781.792766090184,37781.792766090184,Poor (>50%)
Kenya,2022,Developed,235687.7178259985,259103.87878340442,-23416.160957405926,23416.160957405926,Excellent (<10%)
Ghana,2019,Developed,316174.6704820181,308470.32918401714,7704.341298000945,7704.341298000945,Excellent (<10%)
Ghana,2020,Developed,365031.2989975457,274911.85223844997,90119.4467590957,90119.4467590957,Good (10-25%)
Ghana,2021,Developed,27286.929219456,57795.37777175414,-30508.448552298138,30508.448552298138,Poor (>50%)
Ghana,2022,Developed,87660.50796492983,115692.5686731244,-28032.06070819458,28032.06070819458,Fair (25-50%)
Chile,2019,Least Developed,346592.4440082927,317049.49888260505,29542.945125687635,29542.945125687635,Excellent (<10%)
Chile,2020,Least Developed,395831.6255916291,371811.77924399637,24019.84634763276,24019.84634763276,Excellent (<10%)
Chile,2021,Least Developed,236168.91915509495,265228.6899836161,-29059.77082852117,29059.77082852117,Good (10-25%)
Chile,2022,Least Developed,298541.9038991857,373366.8435893,-74824.93969011429,74824.93969011429,Fair (25-50%)
Colombia,2019,Developed,281130.3906940194,318355.7632620207,-37225.37256800133,37225.37256800133,Good (10-25%)
Colombia,2020,Developed,145083.1653256251,172244.34328021514,-27161.177954590035,27161.177954590035,Good (10-25%)
Colombia,2021,Developed,237390.56580282445,210257.35499736154,27133.210805462906,27133.210805462906,Good (10-25%)
Colombia,2022,Developed,155245.49073788777,139577.09196466272,15668.398773225053,15668.398773225053,Good (10-25%)
Peru,2019,Least Developed,423696.7383866571,513771.6117537758,-90074.87336711871,90074.87336711871,Good (10-25%)
Peru,2020,Least Developed,734340.1329568229,628392.9314439663,105947.20151285653,105947.20151285653,Good (10-25%)
Peru,2021,Least Developed,592842.0883258205,508570.3760513693,84271.71227445122,84271.71227445122,Good (10-25%)
Peru,2022,Least Developed,298357.4976523789,376758.39898189483,-78400.90132951591,78400.90132951591,Fair (25-50%)
Uruguay,2019,Developing,567870.5626370137,535909.4896873503,31961.072949663387,31961.072949663387,Excellent (<10%)
Uruguay,2020,Developing,218074.45303776243,249175.35315617095,-31100.90011840852,31100.90011840852,Good (10-25%)
Uruguay,2021,Developing,494845.0309733358,434045.61683508515,60799.414138250635,60799.414138250635,Good (10-25%)
Uruguay,2022,Developing,198705.8528497287,225094.23321031654,-26388.38036058785,26388.38036058785,Good (10-25%)
Paraguay,2019,Developed,62155.7266110037,103647.2004813715,-41491.4738703678,41491.4738703678,Poor (>50%)
Paraguay,2020,Developed,234015.48666782072,213594.57565524286,20420.911012577853,20420.911012577853,Excellent (<10%)
Paraguay,2021,Developed,54554.73510266627,88936.76252795666,-34382.027425290384,34382.027425290384,Poor (>50%)
Paraguay,2022,Developed,59985.92525877168,69404.74362855803,-9418.818369786357,9418.818369786357,Good (10-25%)
Ecuador,2019,Least Developed,687174.223798879,573815.0877975029,113359.13600137609,113359.13600137609,Good (10-25%)
Ecuador,2020,Least Developed,193612.71919191143,190305.27835567552,3307.44083623591,3307.44083623591,Excellent (<10%)
Ecuador,2021,Least Developed,729198.312524327,607906.5252206858,121291.7873036412,121291.7873036412,Good (10-25%)
Ecuador,2022,Least Developed,254249.85307589232,249764.37587468952,4485.477201202797,4485.477201202797,Excellent (<10%)
Bolivia,2019,Developing,243446.0067913749,269636.6334970821,-26190.626705707196,26190.626705707196,Good (10-25%)
Bolivia,2020,Developing,645672.5854613248,502322.4556014823,143350.12985984248,143350.12985984248,Good (10-25%)
Bolivia,2021,Developing,570940.3451546088,572114.4429267454,-1174.0977721365634,1174.0977721365634,Excellent (<10%)
Bolivia,2022,Developing,752786.02038462,555853.216216784,196932.80416783597,196932.80416783597,Fair (25-50%)
Venezuela,2019,Least Developed,246944.8401771042,262466.1647780953,-15521.324600991124,15521.324600991124,Excellent (<10%)
Venezuela,2020,Least Developed,490619.8499939057,486224.59651554225,4395.253478363447,4395.253478363447,Excellent (<10%)
Venezuela,2021,Least Developed,91014.49707306115,154912.46694848183,-63897.96987542068,63897.96987542068,Poor (>50%)
Venezuela,2022,Least Developed,495900.0776771844,551010.1656992378,-55110.088022053416,55110.088022053416,Good (10-25%)
Costa Rica,2019,Developed,60008.90171407701,77210.92164360694,-17202.01992952993,17202.01992952993,Fair (25-50%)
Costa Rica,2020,Developed,162951.49581912355,213712.524222457,-50761.02840333345,50761.02840333345,Fair (25-50%)
Costa Rica,2021,Developed,120042.32647155046,123686.4403152406,-3644.1138436901383,3644.1138436901383,Excellent (<10%)
Costa Rica,2022,Developed,225688.075523872,281719.0496191579,-56030.97409528593,56030.97409528593,Good (10-25%)
Panama,2019,Developing,417637.6592650751,496817.67324956454,-79180.01398448943,79180.01398448943,Good (10-25%)
Panama,2020,Developing,345347.5844417716,448505.8012330361,-103158.21679126448,103158.21679126448,Fair (25-50%)
Panama,2021,Developing,687337.7382017043,607317.7031496536,80020.03505205072,80020.03505205072,Good (10-25%)
Panama,2022,Developing,98151.20243374376,147359.16998463895,-49207.96755089519,49207.96755089519,Poor (>50%)
Guatemala,2019,Developing,835938.0708865338,612400.6414422323,223537.42944430152,223537.42944430152,Fair (25-50%)
Guatemala,2020,Developing,203281.69839034812,181306.05986656557,21975.638523782545,21975.638523782545,Good (10-25%)
Guatemala,2021,Developing,139955.89636803188,153867.59362560383,-13911.697257571941,13911.697257571941,Excellent (<10%)
Guatemala,2022,Developing,92301.88114018049,163771.13369010668,-71469.2525499262,71469.2525499262,Poor (>50%)
Honduras,2019,Least Developed,348027.8744119525,288194.0914721914,59833.78293976112,59833.78293976112,Good (10-25%)
Honduras,2020,Least Developed,122589.64728183683,150633.1137809609,-28043.46649912407,28043.46649912407,Good (10-25%)
Honduras,2021,Least Developed,386903.245004294,332060.6458786827,54842.59912561125,54842.59912561125,Good (10-25%)
Honduras,2022,Least Developed,691244.6627723264,618598.4050646267,72646.25770769967,72646.25770769967,Good (10-25%)
Nicaragua,2019,Developed,289600.65466125146,239415.96827664957,50184.6863846019,50184.6863846019,Good (10-25%)
Nicaragua,2020,Developed,238100.15573623392,241149.13558074404,-3048.9798445101187,3048.9798445101187,Excellent (<10%)
Nicaragua,2021,Developed,99576.11914487182,180581.14145321373,-81005.02230834191,81005.02230834191,Poor (>50%)
Nicaragua,2022,Developed,163963.09533065234,205115.46821026428,-41152.37287961194,41152.37287961194,Fair (25-50%)
Dominican Republic,2019,Developing,734103.6682613109,585262.506310901,148841.16195040988,148841.16195040988,Good (10-25%)
Dominican Republic,2020,Developing,343221.4256005995,370394.50092117366,-27173.075320574164,27173.075320574164,Excellent (<10%)
Dominican Republic,2021,Developing,179860.67856197833,165029.47655393818,14831.202008040156,14831.202008040156,Excellent (<10%)
Dominican Republic,2022,Developing,267399.8065143981,278796.53231411934,-11396.725799721258,11396.725799721258,Excellent (<10%)
Cuba,2019,Developing,557702.0482289379,521139.4152073584,36562.63302157947,36562.63302157947,Excellent (<10%)
Cuba,2020,Developing,723427.8959359417,615754.0891206722,107673.80681526952,107673.80681526952,Good (10-25%)
Cuba,2021,Developing,624561.9079303506,571127.0250448672,53434.88288548344,53434.88288548344,Excellent (<10%)
Cuba,2022,Developing,562504.4684359828,519824.1506478043,42680.31778817851,42680.31778817851,Excellent (<10%)
Jamaica,2019,Least Developed,117612.75041235123,151813.19944437672,-34200.449032025484,34200.449032025484,Fair (25-50%)
Jamaica,2020,Least Developed,725244.3296929201,595693.0411518395,129551.28854108055,129551.28854108055,Good (10-25%)
Jamaica,2021,Least Developed,129176.46430900798,184380.76345546125,-55204.29914645327,55204.29914645327,Fair (25-50%)
Jamaica,2022,Least Developed,389000.9899933987,479113.7955839062,-90112.80559050746,90112.80559050746,Good (10-25%)
Trinidad,2019,Developing,622153.4262962331,551758.5472303611,70394.87906587194,70394.87906587194,Good (10-25%)
Trinidad,2020,Developing,152232.66166978976,197609.5128862389,-45376.85121644914,45376.85121644914,Fair (25-50%)
Trinidad,2021,Developing,396405.2402953288,504416.4336497159,-108011.19335438713,108011.19335438713,Fair (25-50%)
Trinidad,2022,Developing,487391.95175881096,451334.62461170176,36057.3271471092,36057.3271471092,Excellent (<10%)
Barbados,2019,Developing,515546.2189823007,486452.4921505905,29093.7268317102,29093.7268317102,Excellent (<10%)
Barbados,2020,Developing,500293.2031636624,581836.7426044018,-81543.53944073938,81543.53944073938,Good (10-25%)
Barbados,2021,Developing,662853.3130806938,563830.3012870264,99023.01179366745,99023.01179366745,Good (10-25%)
Barbados,2022,Developing,553746.6527890814,586100.4901441816,-32353.8373551002,32353.8373551002,Excellent (<10%)
Bahamas,2019,Least Developed,112165.25648053268,146932.12762355004,-34766.87114301736,34766.87114301736,Fair (25-50%)
Bahamas,2020,Least Developed,525941.6475524966,561745.3229217357,-35803.67536923906,35803.67536923906,Excellent (<10%)
Bahamas,2021,Least Developed,436633.8862177608,411992.6005726353,24641.285645125492,24641.285645125492,Excellent (<10%)
Bahamas,2022,Least Developed,699033.0886944502,586508.2128735504,112524.87582089985,112524.87582089985,Good (10-25%)
Ireland,2019,Developed,179131.3488634341,178064.61682642932,1066.732037004782,1066.732037004782,Excellent (<10%)
Ireland,2020,Developed,182272.8243809378,173507.5350100317,8765.289370906103,8765.289370906103,Excellent (<10%)
Ireland,2021,Developed,213888.99513816895,227823.85397851368,-13934.858840344736,13934.858840344736,Excellent (<10%)
Ireland,2022,Developed,125941.79219234076,180229.02227725668,-54287.23008491592,54287.23008491592,Fair (25-50%)
Belgium,2019,Developing,470241.3671815091,466021.4983348288,4219.8688466802705,4219.8688466802705,Excellent (<10%)
Belgium,2020,Developing,519676.4940736848,510080.0607559074,9596.43331777741,9596.43331777741,Excellent (<10%)
Belgium,2021,Developing,222611.86227406116,242408.8702255687,-19797.00795150755,19797.00795150755,Excellent (<10%)
Belgium,2022,Developing,445338.8040686319,425865.3545449558,19473.44952367613,19473.44952367613,Excellent (<10%)
Austria,2019,Developing,320883.02256621263,400298.60215110076,-79415.57958488812,79415.57958488812,Good (10-25%)
Austria,2020,Developing,294799.5059653525,346435.7768122416,-51636.27084688906,51636.27084688906,Good (10-25%)
Austria,2021,Developing,750033.3601691611,598303.8004358801,151729.55973328103,151729.55973328103,Good (10-25%)
Austria,2022,Developing,558010.4384422546,555462.9623358618,2547.4761063928017,2547.4761063928017,Excellent (<10%)
Switzerland,2019,Developing,729554.7851934958,602805.9688978234,126748.81629567244,126748.81629567244,Good (10-25%)
Switzerland,2020,Developing,411227.3587013884,496344.16814668564,-85116.80944529723,85116.80944529723,Good (10-25%)
Switzerland,2021,Developing,876391.0909037703,652730.0897613504,223661.00114241987,223661.00114241987,Fair (25-50%)
Switzerland,2022,Developing,285834.30901437666,296215.791439586,-10381.482425209368,10381.482425209368,Excellent (<10%)
Portugal,2019,Developed,485267.60982580937,413835.70666000963,71431.90316579974,71431.90316579974,Good (10-25%)
Portugal,2020,Developed,145718.2436084382,130250.45491186874,15467.788696569463,15467.788696569463,Good (10-25%)
Portugal,2021,Developed,271484.2621406834,241242.84075564443,30241.421385038993,30241.421385038993,Good (10-25%)
Portugal,2022,Developed,244774.77222730248,279663.00550002797,-34888.23327272548,34888.23327272548,Good (10-25%)
Greece,2019,Developing,579143.7561069373,492673.27146235434,86470.48464458296,86470.48464458296,Good (10-25%)
Greece,2020,Developing,819305.9068958384,579691.7830398997,239614.1238559388,239614.1238559388,Fair (25-50%)
Greece,2021,Developing,390235.0320033816,350592.1484256972,39642.883577684406,39642.883577684406,Good (10-25%)
Greece,2022,Developing,152377.53148125293,178612.07150927262,-26234.54002801969,26234.54002801969,Good (10-25%)
Czech Republic,2019,Developing,513728.7301047999,527227.6626449353,-13498.9325401354,13498.9325401354,Excellent (<10%)
Czech Republic,2020,Developing,481458.3733752258,401744.4992222966,79713.87415292923,79713.87415292923,Good (10-25%)
Czech Republic,2021,Developing,113065.15989375029,147921.47548061627,-34856.31558686598,34856.31558686598,Fair (25-50%)
Czech Republic,2022,Developing,292144.5485677709,317964.7330315357,-25820.184463764774,25820.184463764774,Excellent (<10%)
Hungary,2019,Developing,254159.7504390656,255539.31963926693,-1379.5692002013384,1379.5692002013384,Excellent (<10%)
Hungary,2020,Developing,467543.60260340496,448960.88947654056,18582.7131268644,18582.7131268644,Excellent (<10%)
Hungary,2021,Developing,637913.4400606434,635223.686520616,2689.753540027421,2689.753540027421,Excellent (<10%)
Hungary,2022,Developing,656143.0106389497,581969.7909380171,74173.21970093262,74173.21970093262,Good (10-25%)
Romania,2019,Developed,186060.0680149324,208232.88883776462,-22172.820822832233,22172.820822832233,Good (10-25%)
Romania,2020,Developed,105559.18564090192,124967.56487590887,-19408.37923500694,19408.37923500694,Good (10-25%)
Romania,2021,Developed,233711.35034411508,222005.1400705379,11706.210273577191,11706.210273577191,Excellent (<10%)
Romania,2022,Developed,46560.51521925875,68296.42999478112,-21735.914775522375,21735.914775522375,Fair (25-50%)
Bulgaria,2019,Developed,135582.88625104516,136260.27996035424,-677.393709309079,677.393709309079,Excellent (<10%)
Bulgaria,2020,Developed,350827.1996123313,296730.6043470048,54096.5952653265,54096.5952653265,Good (10-25%)
Bulgaria,2021,Developed,246289.59763292625,237072.84328242808,9216.754350498173,9216.754350498173,Excellent (<10%)
Bulgaria,2022,Developed,35219.63383287153,62428.58056265297,-27208.94672978144,27208.94672978144,Poor (>50%)
Croatia,2019,Least Developed,659445.1688193379,550018.6179627657,109426.55085657211,109426.55085657211,Good (10-25%)
Croatia,2020,Least Developed,669004.419419264,588793.6806081024,80210.7388111616,80210.7388111616,Good (10-25%)
Croatia,2021,Least Developed,478834.4198011253,432693.6644808723,46140.755320253025,46140.755320253025,Excellent (<10%)
Croatia,2022,Least Developed,711294.192285962,553446.2096608386,157847.98262512346,157847.98262512346,Good (10-25%)
Slovenia,2019,Developed,88002.5093230132,159424.44006046475,-71421.93073745155,71421.93073745155,Poor (>50%)
Slovenia,2020,Developed,245400.53914867225,250625.57052599604,-5225.031377323787,5225.031377323787,Excellent (<10%)
Slovenia,2021,Developed,117480.64371138353,142930.21315884715,-25449.569447463626,25449.569447463626,Good (10-25%)
Slovenia,2022,Developed,75521.53534631926,119558.42528370493,-44036.88993738567,44036.88993738567,Poor (>50%)
Slovakia,2019,Developing,123753.55763454028,169111.32502265353,-45357.76738811325,45357.76738811325,Fair (25-50%)
Slovakia,2020,Developing,794378.3064506467,590867.5703847167,203510.73606593,203510.73606593,Fair (25-50%)
Slovakia,2021,Developing,457856.6596831584,541287.5871935624,-83430.92751040403,83430.92751040403,Good (10-25%)
Slovakia,2022,Developing,276735.0661134419,295330.2893277263,-18595.2232142844,18595.2232142844,Excellent (<10%)
Estonia,2019,Developing,615761.109815988,498356.1998666251,117404.90994936292,117404.90994936292,Good (10-25%)
Estonia,2020,Developing,249024.00937853576,247585.92784504846,1438.0815334873041,1438.0815334873041,Excellent (<10%)
Estonia,2021,Developing,451919.7449993647,437366.8604731786,14552.884526186099,14552.884526186099,Excellent (<10%)
Estonia,2022,Developing,407535.0846158294,469431.2198640083,-61896.13524817891,61896.13524817891,Good (10-25%)
Latvia,2019,Developing,459071.8087327437,487750.36553043715,-28678.556797693425,28678.556797693425,Excellent (<10%)
Latvia,2020,Developing,105562.53965307651,154295.22020701048,-48732.68055393397,48732.68055393397,Fair (25-50%)
Latvia,2021,Developing,749676.5405727273,574325.1586651318,175351.38190759555,175351.38190759555,Good (10-25%)
Latvia,2022,Developing,362397.4389304392,452154.73068868864,-89757.29175824946,89757.29175824946,Good (10-25%)
Lithuania,2019,Developing,672928.0910876686,548996.6265192522,123931.46456841636,123931.46456841636,Good (10-25%)
Lithuania,2020,Developing,555658.1484240923,429868.08197453973,125790.0664495526,125790.0664495526,Good (10-25%)
Lithuania,2021,Developing,367586.2533733879,290453.18651748396,77133.06685590395,77133.06685590395,Good (10-25%)
Lithuania,2022,Developing,343948.5418225824,415380.0083518056,-71431.4665292232,71431.4665292232,Good (10-25%)
Ukraine,2019,Developing,340619.1676076902,421228.46485139674,-80609.29724370653,80609.29724370653,Good (10-25%)
Ukraine,2020,Developing,166547.4894654127,165155.92906586427,1391.5603995484416,1391.5603995484416,Excellent (<10%)
Ukraine,2021,Developing,137190.7763557956,157965.79843764965,-20775.022081854055,20775.022081854055,Good (10-25%)
Ukraine,2022,Developing,384525.9963887733,389387.3817111871,-4861.3853224137565,4861.3853224137565,Excellent (<10%)
Belarus,2019,Developing,253615.8319567892,254442.81675938118,-826.9848025919928,826.9848025919928,Excellent (<10%)
Belarus,2020,Developing,594648.4998814004,465610.7147190557,129037.78516234469,129037.78516234469,Good (10-25%)
Belarus,2021,Developing,183706.28587377132,182658.05670033925,1048.2291734320752,1048.2291734320752,Excellent (<10%)
Belarus,2022,Developing,285379.1196739697,219023.24958658413,66355.87008738556,66355.87008738556,Good (10-25%)
Moldova,2019,Developed,219304.9732031797,238156.86047617317,-18851.88727299348,18851.88727299348,Excellent (<10%)
Moldova,2020,Developed,172559.58213659798,159722.4859350912,12837.096201506793,12837.096201506793,Excellent (<10%)
Moldova,2021,Developed,231469.82707275,223810.33126009558,7659.495812654408,7659.495812654408,Excellent (<10%)
Moldova,2022,Developed,228833.9649312748,245026.81370034872,-16192.848769073928,16192.848769073928,Excellent (<10%)
Serbia,2019,Developed,103263.56176177927,116081.35903203589,-12817.797270256619,12817.797270256619,Good (10-25%)
Serbia,2020,Developed,151217.05430228263,127355.39798189756,23861.656320385067,23861.656320385067,Good (10-25%)
Serbia,2021,Developed,151188.3318012745,140844.30273011661,10344.029071157885,10344.029071157885,Excellent (<10%)
Serbia,2022,Developed,200290.7634086593,221834.05142805836,-21543.28801939907,21543.28801939907,Good (10-25%)
Bosnia,2019,Developing,329425.4772451248,376374.29283883027,-46948.815593705454,46948.815593705454,Good (10-25%)
Bosnia,2020,Developing,430296.6415332173,383899.4196645345,46397.22186868277,46397.22186868277,Good (10-25%)
Bosnia,2021,Developing,520772.6636019544,462620.21786328603,58152.44573866838,58152.44573866838,Good (10-25%)
Bosnia,2022,Developing,346840.0675999211,321749.894486565,25090.173113356053,25090.173113356053,Excellent (<10%)
Montenegro,2019,Developed,234809.88119527607,235814.76919352994,-1004.8879982538638,1004.8879982538638,Excellent (<10%)
Montenegro,2020,Developed,157932.40668361486,203200.5657688893,-45268.15908527444,45268.15908527444,Fair (25-50%)
Montenegro,2021,Developed,120429.0999440612,143500.61856276647,-23071.51861870526,23071.51861870526,Good (10-25%)
Montenegro,2022,Developed,187844.42670555,208717.56607539183,-20873.13936984184,20873.13936984184,Good (10-25%)
Albania,2019,Developed,265264.99634184234,315290.3209309779,-50025.32458913553,50025.32458913553,Good (10-25%)
Albania,2020,Developed,192547.31059766427,247572.39046019007,-55025.0798625258,55025.0798625258,Fair (25-50%)
Albania,2021,Developed,124751.45548306235,192986.49961582775,-68235.0441327654,68235.0441327654,Poor (>50%)
Albania,2022,Developed,51406.25706772194,72965.00336445535,-21558.746296733407,21558.746296733407,Fair (25-50%)
North Macedonia,2019,Least Developed,310027.41923633975,410596.31541381055,-100568.8961774708,100568.8961774708,Fair (25-50%)
North Macedonia,2020,Least Developed,360992.88242948137,317135.2063988899,43857.67603059148,43857.67603059148,Good (10-25%)
North Macedonia,2021,Least Developed,262657.84789215145,316117.17771078885,-53459.3298186374,53459.3298186374,Good (10-25%)
North Macedonia,2022,Least Developed,368254.386299468,406818.25281845493,-38563.866518986935,38563.866518986935,Good (10-25%)
Israel,2019,Developing,269939.2707334353,285054.1556992068,-15114.884965771518,15114.884965771518,Excellent (<10%)
Israel,2020,Developing,284706.7630057399,288314.9174610992,-3608.1544553593267,3608.1544553593267,Excellent (<10%)
Israel,2021,Developing,551986.7890222787,475335.9919257518,76650.79709652695,76650.79709652695,Good (10-25%)
Israel,2022,Developing,567112.9992370314,492566.0436166425,74546.95562038897,74546.95562038897,Good (10-25%)
Jordan,2019,Developing,499269.83072838985,492104.5242087574,7165.306519632461,7165.306519632461,Excellent (<10%)
Jordan,2020,Developing,646288.6936333795,543347.8849344539,102940.80869892566,102940.80869892566,Good (10-25%)
Jordan,2021,Developing,558787.861941026,553551.2654970789,5236.596443947172,5236.596443947172,Excellent (<10%)
Jordan,2022,Developing,84158.17184184676,119905.97907496293,-35747.80723311617,35747.80723311617,Fair (25-50%)
Lebanon,2019,Developed,328728.74479861883,294702.0736914323,34026.67110718653,34026.67110718653,Good (10-25%)
Lebanon,2020,Developed,224100.14516408407,239336.1938790055,-15236.048714921431,15236.048714921431,Excellent (<10%)
Lebanon,2021,Developed,161438.9244099646,203323.39135012007,-41884.466940155486,41884.466940155486,Fair (25-50%)
Lebanon,2022,Developed,171795.3964095267,192207.06094297182,-20411.664533445117,20411.664533445117,Good (10-25%)
Syria,2019,Least Developed,500856.436166504,494067.28215198335,6789.154014520638,6789.154014520638,Excellent (<10%)
Syria,2020,Least Developed,494832.2287527304,527890.1172349227,-33057.8884821923,33057.8884821923,Excellent (<10%)
Syria,2021,Least Developed,180766.61995859677,206580.77967888972,-25814.159720292955,25814.159720292955,Good (10-25%)
Syria,2022,Least Developed,742871.6147944287,617270.275618463,125601.33917596564,125601.33917596564,Good (10-25%)
Iraq,2019,Developed,102194.42520071848,128753.96703474343,-26559.541834024945,26559.541834024945,Fair (25-50%)
Iraq,2020,Developed,94276.56615830449,114800.78613459975,-20524.219976295266,20524.219976295266,Good (10-25%)
Iraq,2021,Developed,182897.84721100476,225086.56821563496,-42188.721004630206,42188.721004630206,Good (10-25%)
Iraq,2022,Developed,247493.01258228705,236108.07149405807,11384.941088228981,11384.941088228981,Excellent (<10%)
Iran,2019,Developing,163211.52882495488,174299.20414674326,-11087.675321788382,11087.675321788382,Excellent (<10%)
Iran,2020,Developing,286846.994871899,272544.20990781003,14302.78496408899,14302.78496408899,Excellent (<10%)
Iran,2021,Developing,556264.988667401,504897.31367025175,51367.67499714927,51367.67499714927,Excellent (<10%)
Iran,2022,Developing,258592.7541461231,266983.0078663978,-8390.25372027469,8390.25372027469,Excellent (<10%)
Afghanistan,2019,Developing,522653.2147276276,459934.79357093753,62718.42115669005,62718.42115669005,Good (10-25%)
Afghanistan,2020,Developing,223583.7267341312,238972.39158908406,-15388.664854952862,15388.664854952862,Excellent (<10%)
Afghanistan,2021,Developing,463735.9628674276,538723.896977059,-74987.93410963134,74987.93410963134,Good (10-25%)
Afghanistan,2022,Developing,125917.99383640816,139710.90974848004,-13792.915912071883,13792.915912071883,Good (10-25%)
Pakistan,2019,Developing,706220.8614061236,632445.3221853256,73775.53922079806,73775.53922079806,Good (10-25%)
Pakistan,2020,Developing,599059.2056285316,579933.3884439431,19125.817184588523,19125.817184588523,Excellent (<10%)
Pakistan,2021,Developing,205407.36402044215,249083.99258065576,-43676.628560213605,43676.628560213605,Good (10-25%)
Pakistan,2022,Developing,275383.687467108,278210.4723293325,-2826.7848622244783,2826.7848622244783,Excellent (<10%)
Bangladesh,2019,Developed,319546.44069674937,260568.17280987828,58978.267886871094,58978.267886871094,Good (10-25%)
Bangladesh,2020,Developed,116442.70097668508,192261.24347816381,-75818.54250147873,75818.54250147873,Poor (>50%)
Bangladesh,2021,Developed,268953.68108548765,225807.63255327224,43146.04853221541,43146.04853221541,Good (10-25%)
Bangladesh,2022,Developed,214338.9235256322,225573.07658078548,-11234.153055153263,11234.153055153263,Excellent (<10%)
Sri Lanka,2019,Developing,157039.81289675928,147875.0551825733,9164.75771418598,9164.75771418598,Excellent (<10%)
Sri Lanka,2020,Developing,151857.28733966895,156013.1714990627,-4155.884159393754,4155.884159393754,Excellent (<10%)
Sri Lanka,2021,Developing,323195.8553826403,262429.6608941399,60766.19448850042,60766.19448850042,Good (10-25%)
Sri Lanka,2022,Developing,594247.1984201855,534803.249478622,59443.94894156349,59443.94894156349,Good (10-25%)
Myanmar,2019,Developing,466409.9293845437,401170.36910075013,65239.560283793544,65239.560283793544,Good (10-25%)
Myanmar,2020,Developing,90560.36332143136,121102.20475196585,-30541.841430534492,30541.841430534492,Fair (25-50%)
Myanmar,2021,Developing,200295.22588680283,234046.33637962624,-33751.11049282341,33751.11049282341,Good (10-25%)
Myanmar,2022,Developing,450968.38339341874,418738.58970413037,32229.793689288374,32229.793689288374,Excellent (<10%)
Cambodia,2019,Developed,69758.07354937712,100209.30295543913,-30451.229406062004,30451.229406062004,Fair (25-50%)
Cambodia,2020,Developed,160448.39263371722,209653.15424463502,-49204.761610917805,49204.761610917805,Fair (25-50%)
Cambodia,2021,Developed,170863.18981703854,200548.66822076647,-29685.47840372793,29685.47840372793,Good (10-25%)
Cambodia,2022,Developed,219116.35588852185,208073.9332231469,11042.422665374965,11042.422665374965,Excellent (<10%)
Laos,2019,Least Developed,226842.89474320112,248141.21775522688,-21298.323012025765,21298.323012025765,Excellent (<10%)
Laos,2020,Least Developed,414318.3987984537,456110.0352299621,-41791.63643150841,41791.63643150841,Good (10-25%)
Laos,2021,Least Developed,212381.84983598825,200748.1354850974,11633.714350890863,11633.714350890863,Excellent (<10%)
Laos,2022,Least Developed,519012.4410514746,525132.2279001119,-6119.786848637334,6119.786848637334,Excellent (<10%)
Mongolia,2019,Least Developed,369216.7917105098,372397.4248356663,-3180.6331251565134,3180.6331251565134,Excellent (<10%)
Mongolia,2020,Least Developed,357796.92840568547,327082.3810558422,30714.547349843255,30714.547349843255,Excellent (<10%)
Mongolia,2021,Least Developed,299573.52136831795,313773.5621608466,-14200.040792528656,14200.040792528656,Excellent (<10%)
Mongolia,2022,Least Developed,590744.2457203141,559829.7875973196,30914.458122994518,30914.458122994518,Excellent (<10%)
Kazakhstan,2019,Developing,319380.1565633248,287434.2671535535,31945.889409771306,31945.889409771306,Good (10-25%)
Kazakhstan,2020,Developing,113970.42987042942,168341.6735796895,-54371.243709260074,54371.243709260074,Fair (25-50%)
Kazakhstan,2021,Developing,235824.86071802687,269623.1606837769,-33798.29996575002,33798.29996575002,Good (10-25%)
Kazakhstan,2022,Developing,538589.231486819,514258.9566023077,24330.27488451131,24330.27488451131,Excellent (<10%)
Uzbekistan,2019,Developing,363418.7731356844,390534.12544099597,-27115.352305311593,27115.352305311593,Excellent (<10%)
Uzbekistan,2020,Developing,299991.1075089673,406797.80200381915,-106806.69449485186,106806.69449485186,Fair (25-50%)
Uzbekistan,2021,Developing,811649.6119812324,671278.5480467728,140371.06393445958,140371.06393445958,Good (10-25%)
Uzbekistan,2022,Developing,254489.2904566361,294422.7657917248,-39933.475335088675,39933.475335088675,Good (10-25%)
Kyrgyzstan,2019,Developing,472885.06499830296,505338.0468630483,-32452.98186474532,32452.98186474532,Excellent (<10%)
Kyrgyzstan,2020,Developing,538536.4244965747,546681.9377850175,-8145.51328844286,8145.51328844286,Excellent (<10%)
Kyrgyzstan,2021,Developing,453540.0740875662,460686.92505925894,-7146.850971692766,7146.850971692766,Excellent (<10%)
Kyrgyzstan,2022,Developing,502389.091510452,500750.7705495248,1638.3209609271726,1638.3209609271726,Excellent (<10%)
Tajikistan,2019,Developing,453318.018848621,456764.28556298395,-3446.2667143629515,3446.2667143629515,Excellent (<10%)
Tajikistan,2020,Developing,520538.66496050847,449427.5770808342,71111.08787967428,71111.08787967428,Good (10-25%)
Tajikistan,2021,Developing,132519.33592346028,175592.68142604682,-43073.34550258654,43073.34550258654,Fair (25-50%)
Tajikistan,2022,Developing,471912.45840909047,403626.10067219875,68286.35773689172,68286.35773689172,Good (10-25%)
Turkmenistan,2019,Developed,133527.79972290204,146862.30166979667,-13334.501946894627,13334.501946894627,Excellent (<10%)
Turkmenistan,2020,Developed,87791.75341778346,105625.13559929805,-17833.382181514593,17833.382181514593,Good (10-25%)
Turkmenistan,2021,Developed,176469.05406379816,129474.81833369214,46994.235730106026,46994.235730106026,Fair (25-50%)
Turkmenistan,2022,Developed,70259.89389274536,104967.76740711585,-34707.8735143705,34707.8735143705,Fair (25-50%)
Azerbaijan,2019,Developing,284993.60688942496,263151.75611912966,21841.850770295307,21841.850770295307,Excellent (<10%)
Azerbaijan,2020,Developing,756258.9736253103,535399.6646390103,220859.30898630002,220859.30898630002,Fair (25-50%)
Azerbaijan,2021,Developing,572519.0109693506,479291.94910069375,93227.06186865683,93227.06186865683,Good (10-25%)
Azerbaijan,2022,Developing,322453.8526848541,350584.862444362,-28131.0097595079,28131.0097595079,Excellent (<10%)
Armenia,2019,Least Developed,661671.6249738927,540553.003989677,121118.62098421576,121118.62098421576,Good (10-25%)
Armenia,2020,Least Developed,122046.6534269991,149627.70915634916,-27581.05572935006,27581.05572935006,Good (10-25%)
Armenia,2021,Least Developed,119349.55779939838,160002.6471012133,-40653.089301814936,40653.089301814936,Fair (25-50%)
Armenia,2022,Least Developed,81530.73192385062,140113.32650366044,-58582.594579809826,58582.594579809826,Poor (>50%)
Georgia,2019,Developing,744547.4413358128,591101.2905012878,153446.150834525,153446.150834525,Good (10-25%)
Georgia,2020,Developing,441763.8897307765,443868.99621327216,-2105.10648249567,2105.10648249567,Excellent (<10%)
Georgia,2021,Developing,584185.7087704384,549185.9261308132,34999.78263962525,34999.78263962525,Excellent (<10%)
Georgia,2022,Developing,760496.9228254092,558543.3903802887,201953.5324451205,201953.5324451205,Fair (25-50%)
Algeria,2019,Least Developed,244481.30725655844,274708.47672580054,-30227.1694692421,30227.1694692421,Good (10-25%)
Algeria,2020,Least Developed,130657.47663557716,159423.83671135354,-28766.360075776378,28766.360075776378,Good (10-25%)
Algeria,2021,Least Developed,112087.37309604396,145301.6936617489,-33214.32056570494,33214.32056570494,Fair (25-50%)
Algeria,2022,Least Developed,337769.8896540199,415075.53814161016,-77305.64848759025,77305.64848759025,Good (10-25%)
Tunisia,2019,Developing,530171.7114145951,524880.3943961706,5291.31701842451,5291.31701842451,Excellent (<10%)
Tunisia,2020,Developing,166642.27622925883,222802.97404851008,-56160.69781925125,56160.69781925125,Fair (25-50%)
Tunisia,2021,Developing,448942.4621546502,511377.4114755291,-62434.94932087889,62434.94932087889,Good (10-25%)
Tunisia,2022,Developing,458567.4678766074,558250.6414434683,-99683.1735668609,99683.1735668609,Good (10-25%)
Libya,2019,Developed,62382.34365907361,88082.89864455165,-25700.55498547804,25700.55498547804,Fair (25-50%)
Libya,2020,Developed,138798.41269437483,175132.59108255996,-36334.17838818513,36334.17838818513,Fair (25-50%)
Libya,2021,Developed,317679.17352149985,301769.9287343102,15909.244787189644,15909.244787189644,Excellent (<10%)
Libya,2022,Developed,246194.2736587185,257997.07572438603,-11802.802065667522,11802.802065667522,Excellent (<10%)
Sudan,2019,Least Developed,696103.4899103768,548683.9979183275,147419.49199204938,147419.49199204938,Good (10-25%)
Sudan,2020,Least Developed,211617.4995191421,225186.01576512912,-13568.516245987033,13568.516245987033,Excellent (<10%)
Sudan,2021,Least Developed,764272.2483988132,632297.1192649008,131975.12913391239,131975.12913391239,Good (10-25%)
Sudan,2022,Least Developed,161336.6740452604,197241.6757650735,-35905.001719813095,35905.001719813095,Good (10-25%)
Ethiopia,2019,Developing,117409.36625553192,131027.40771786855,-13618.041462336638,13618.041462336638,Good (10-25%)
Ethiopia,2020,Developing,321332.6830293932,422181.436143225,-100848.7531138318,100848.7531138318,Fair (25-50%)
Ethiopia,2021,Developing,249804.80460325725,263462.38941114594,-13657.584807888692,13657.584807888692,Excellent (<10%)
Ethiopia,2022,Developing,263574.7272038468,210559.94332819866,53014.783875648136,53014.783875648136,Good (10-25%)
Tanzania,2019,Least Developed,362420.033180836,482977.3555365968,-120557.32235576079,120557.32235576079,Fair (25-50%)
Tanzania,2020,Least Developed,564387.8119547799,519154.9042660022,45232.90768877772,45232.90768877772,Excellent (<10%)
Tanzania,2021,Least Developed,556531.1682777677,536383.3559619035,20147.812315864256,20147.812315864256,Excellent (<10%)
Tanzania,2022,Least Developed,575079.2605552267,569249.5011217346,5829.759433492087,5829.759433492087,Excellent (<10%)
Uganda,2019,Developing,115343.62027504024,159792.78714373193,-44449.16686869168,44449.16686869168,Fair (25-50%)
Uganda,2020,Developing,204041.9652292259,224644.38641473974,-20602.421185513842,20602.421185513842,Good (10-25%)
Uganda,2021,Developing,245293.1284924035,260309.99965731948,-15016.871164915967,15016.871164915967,Excellent (<10%)
Uganda,2022,Developing,331303.1545636382,456213.966751596,-124910.81218795781,124910.81218795781,Fair (25-50%)
Rwanda,2019,Developing,314417.52269474976,271459.01981557417,42958.50287917559,42958.50287917559,Good (10-25%)
Rwanda,2020,Developing,313841.4090929703,246996.27479987513,66845.13429309518,66845.13429309518,Good (10-25%)
Rwanda,2021,Developing,132736.55714638124,136990.75692279675,-4254.199776415509,4254.199776415509,Excellent (<10%)
Rwanda,2022,Developing,377703.553803597,456267.2070480778,-78563.65324448078,78563.65324448078,Good (10-25%)
Burundi,2019,Least Developed,263309.922905086,260768.80529087197,2541.1176142140466,2541.1176142140466,Excellent (<10%)
Burundi,2020,Least Developed,122199.25224363572,170543.34570295995,-48344.09345932423,48344.09345932423,Fair (25-50%)
Burundi,2021,Least Developed,214569.5422752849,199563.9335780476,15005.608697237301,15005.608697237301,Excellent (<10%)
Burundi,2022,Least Developed,719244.0697243448,584985.5699864596,134258.4997378852,134258.4997378852,Good (10-25%)
Madagascar,2019,Developing,625547.7823472576,602963.1782265875,22584.60412067012,22584.60412067012,Excellent (<10%)
Madagascar,2020,Developing,448414.2436173392,475183.89771370095,-26769.654096361774,26769.654096361774,Excellent (<10%)
Madagascar,2021,Developing,598680.9399850683,574779.1510998515,23901.78888521681,23901.78888521681,Excellent (<10%)
Madagascar,2022,Developing,247212.9063489085,304240.0461144983,-57027.13976558979,57027.13976558979,Good (10-25%)
Mauritius,2019,Developed,103770.27249346457,135561.09384152765,-31790.82134806308,31790.82134806308,Fair (25-50%)
Mauritius,2020,Developed,86271.57772868773,123726.49077307482,-37454.913044387096,37454.913044387096,Fair (25-50%)
Mauritius,2021,Developed,120886.73307265624,172775.02832525995,-51888.29525260371,51888.29525260371,Fair (25-50%)
Mauritius,2022,Developed,99601.47183883002,138920.4783509575,-39319.00651212748,39319.00651212748,Fair (25-50%)
Seychelles,2019,Developing,402130.8739230683,450577.6651162488,-48446.79119318054,48446.79119318054,Good (10-25%)
Seychelles,2020,Developing,234184.14707103503,201470.82220737246,32713.324863662565,32713.324863662565,Good (10-25%)
Seychelles,2021,Developing,694127.1057290019,576407.5355276441,117719.57020135783,117719.57020135783,Good (10-25%)
Seychelles,2022,Developing,949003.459358738,659896.5732784945,289106.8860802435,289106.8860802435,Fair (25-50%)
Comoros,2019,Developing,288622.2628589407,310461.93816595094,-21839.675307010242,21839.675307010242,Excellent (<10%)
Comoros,2020,Developing,258181.7164617745,289283.92675265373,-31102.210290879244,31102.210290879244,Good (10-25%)
Comoros,2021,Developing,406812.0883372548,372770.50382717577,34041.58451007906,34041.58451007906,Excellent (<10%)
Comoros,2022,Developing,455756.5316803532,434527.70985293714,21228.821827416075,21228.821827416075,Excellent (<10%)
Djibouti,2019,Least Developed,310527.902213793,382071.6297527199,-71543.72753892688,71543.72753892688,Good (10-25%)
Djibouti,2020,Least Developed,428857.3783174239,317915.8500097958,110941.52830762812,110941.52830762812,Fair (25-50%)
Djibouti,2021,Least Developed,667831.7177706579,537604.8094683822,130226.9083022757,130226.9083022757,Good (10-25%)
Djibouti,2022,Least Developed,374082.409565246,281186.2502546271,92896.15931061894,92896.15931061894,Good (10-25%)
Somalia,2019,Least Developed,816260.3806901615,593606.6008609453,222653.7798292162,222653.7798292162,Fair (25-50%)
Somalia,2020,Least Developed,402066.2560497255,458346.846558688,-56280.59050896246,56280.59050896246,Good (10-25%)
Somalia,2021,Least Developed,515022.6545485658,490203.2796939833,24819.37485458248,24819.37485458248,Excellent (<10%)
Somalia,2022,Least Developed,405558.0876203618,435812.6900396952,-30254.602419333358,30254.602419333358,Excellent (<10%)
Eritrea,2019,Developing,461446.56258133065,469042.6088777901,-7596.046296459448,7596.046296459448,Excellent (<10%)
Eritrea,2020,Developing,479783.2534869582,536357.9635535406,-56574.710066582425,56574.710066582425,Good (10-25%)
Eritrea,2021,Developing,362923.08820388775,315433.7750349474,47489.31316894037,47489.31316894037,Good (10-25%)
Eritrea,2022,Developing,706478.8289351517,623152.6185484082,83326.21038674354,83326.21038674354,Good (10-25%)
Chad,2019,Least Developed,475884.83612417104,515401.75300174614,-39516.9168775751,39516.9168775751,Excellent (<10%)
Chad,2020,Least Developed,168795.436828593,161283.82485276027,7511.611975832726,7511.611975832726,Excellent (<10%)
Chad,2021,Least Developed,197748.2709223927,205231.890637672,-7483.6197152793175,7483.6197152793175,Excellent (<10%)
Chad,2022,Least Developed,393969.7989747424,428858.45441011194,-34888.655435369525,34888.655435369525,Excellent (<10%)
Central African Republic,2019,Developing,391727.5414356375,403287.15056234767,-11559.609126710158,11559.609126710158,Excellent (<10%)
Central African Republic,2020,Developing,214876.43637512423,192014.73950401213,22861.6968711121,22861.6968711121,Good (10-25%)
Central African Republic,2021,Developing,565473.9056713958,557231.1429894306,8242.76268196525,8242.76268196525,Excellent (<10%)
Central African Republic,2022,Developing,150244.9188919281,163936.89501864286,-13691.976126714755,13691.976126714755,Excellent (<10%)
Cameroon,2019,Developed,157444.23117366413,191432.02308561135,-33987.79191194722,33987.79191194722,Good (10-25%)
Cameroon,2020,Developed,246650.21313847764,246461.08272643064,189.1304120470013,189.1304120470013,Excellent (<10%)
Cameroon,2021,Developed,100051.51209111777,127060.99603352767,-27009.483942409905,27009.483942409905,Fair (25-50%)
Cameroon,2022,Developed,244918.45635830436,255486.7468465895,-10568.290488285129,10568.290488285129,Excellent (<10%)
Equatorial Guinea,2019,Developing,300627.17636183434,284054.7542566652,16572.422105169157,16572.422105169157,Excellent (<10%)
Equatorial Guinea,2020,Developing,593428.3781511459,511046.6247617787,82381.7533893672,82381.7533893672,Good (10-25%)
Equatorial Guinea,2021,Developing,808094.6209181249,635865.5185139913,172229.10240413365,172229.10240413365,Good (10-25%)
Equatorial Guinea,2022,Developing,646203.4511503575,518230.3064250055,127973.144725352,127973.144725352,Good (10-25%)
Gabon,2019,Least Developed,462895.3756898237,503959.72772585106,-41064.352036027354,41064.352036027354,Excellent (<10%)
Gabon,2020,Least Developed,801933.5341937898,571010.7961491885,230922.73804460128,230922.73804460128,Fair (25-50%)
Gabon,2021,Least Developed,738173.8867213196,607571.6426033607,130602.24411795894,130602.24411795894,Good (10-25%)
Gabon,2022,Least Developed,705779.6080901232,620528.8604877006,85250.7476024226,85250.7476024226,Good (10-25%)
Republic of the Congo,2019,Developing,354273.3650749807,412860.86216948705,-58587.49709450634,58587.49709450634,Good (10-25%)
Republic of the Congo,2020,Developing,350622.692211011,303953.6436904724,46669.04852053861,46669.04852053861,Good (10-25%)
Republic of the Congo,2021,Developing,140621.4570560518,145409.24580660937,-4787.788750557578,4787.788750557578,Excellent (<10%)
Republic of the Congo,2022,Developing,428135.5379858048,497844.3627163831,-69708.82473057834,69708.82473057834,Good (10-25%)
Democratic Republic of the Congo,2019,Developing,241062.559714019,282383.5425747692,-41320.98286075017,41320.98286075017,Good (10-25%)
Democratic Republic of the Congo,2020,Developing,406753.18497316254,372557.0840072322,34196.10096593032,34196.10096593032,Excellent (<10%)
Democratic Republic of the Congo,2021,Developing,345178.388712813,398563.10148793453,-53384.71277512156,53384.71277512156,Good (10-25%)
Democratic Republic of the Congo,2022,Developing,605593.994782022,495876.7353218462,109717.25946017576,109717.25946017576,Good (10-25%)
Angola,2019,Developing,593631.764889908,534752.8386550191,58878.92623488896,58878.92623488896,Excellent (<10%)
Angola,2020,Developing,795476.5632322341,601856.4838354093,193620.07939682482,193620.07939682482,Good (10-25%)
Angola,2021,Developing,274570.640760638,345293.78752280533,-70723.14676216734,70723.14676216734,Fair (25-50%)
Angola,2022,Developing,624021.7920328887,512136.54378610273,111885.24824678601,111885.24824678601,Good (10-25%)
Zambia,2019,Developing,106875.18279938491,160475.6231439118,-53600.44034452688,53600.44034452688,Poor (>50%)
Zambia,2020,Developing,149039.90247840705,192286.04858719345,-43246.1461087864,43246.1461087864,Fair (25-50%)
Zambia,2021,Developing,797867.2965275074,541664.5202595408,256202.7762679666,256202.7762679666,Fair (25-50%)
Zambia,2022,Developing,529126.7961971281,512051.7128815547,17075.083315573458,17075.083315573458,Excellent (<10%)
Zimbabwe,2019,Developing,540733.5149399282,455847.962764949,84885.55217497918,84885.55217497918,Good (10-25%)
Zimbabwe,2020,Developing,396351.8695185104,382933.37598143186,13418.493537078553,13418.493537078553,Excellent (<10%)
Zimbabwe,2021,Developing,392372.2349459559,386911.50318858505,5460.7317573708715,5460.7317573708715,Excellent (<10%)
Zimbabwe,2022,Developing,647378.7002623118,580014.8755663866,67363.82469592523,67363.82469592523,Good (10-25%)
Botswana,2019,Least Developed,758110.7351978299,620096.0727495153,138014.6624483146,138014.6624483146,Good (10-25%)
Botswana,2020,Least Developed,207032.46730557168,258559.17383528783,-51526.706529716146,51526.706529716146,Good (10-25%)
Botswana,2021,Least Developed,652831.6518594194,572363.7539996372,80467.89785978221,80467.89785978221,Good (10-25%)
Botswana,2022,Least Developed,415741.2245678837,471771.02197799477,-56029.79741011106,56029.79741011106,Good (10-25%)
Namibia,2019,Least Developed,413125.4587399218,487918.9893839997,-74793.53064407792,74793.53064407792,Good (10-25%)
Namibia,2020,Least Developed,682364.8577381261,602220.0704455404,80144.78729258571,80144.78729258571,Good (10-25%)
Namibia,2021,Least Developed,237344.09264659724,259435.56561172594,-22091.47296512869,22091.47296512869,Excellent (<10%)
Namibia,2022,Least Developed,156532.09191709053,188155.31437412387,-31623.22245703335,31623.22245703335,Good (10-25%)
Lesotho,2019,Developing,500610.02564438427,501258.3015112726,-648.2758668883471,648.2758668883471,Excellent (<10%)
Lesotho,2020,Developing,530284.9742594117,371098.95677983935,159186.01747957233,159186.01747957233,Fair (25-50%)
Lesotho,2021,Developing,787735.4434696424,608420.858228511,179314.58524113148,179314.58524113148,Good (10-25%)
Lesotho,2022,Developing,575206.3366476069,574110.0035953925,1096.333052214468,1096.333052214468,Excellent (<10%)
Swaziland,2019,Developed,92362.09046016225,94853.15265969504,-2491.0621995327965,2491.0621995327965,Excellent (<10%)
Swaziland,2020,Developed,44059.491830774765,67862.47038159368,-23802.978550818916,23802.978550818916,Poor (>50%)
Swaziland,2021,Developed,144530.4082895973,190257.52493839906,-45727.11664880175,45727.11664880175,Fair (25-50%)
Swaziland,2022,Developed,191129.6955371655,207561.44496507803,-16431.749427912524,16431.749427912524,Excellent (<10%)
Malawi,2019,Developed,55680.73058411983,79761.0911699059,-24080.360585786075,24080.360585786075,Fair (25-50%)
Malawi,2020,Developed,76025.34425755526,112767.00757013093,-36741.66331257566,36741.66331257566,Fair (25-50%)
Malawi,2021,Developed,64811.53630569935,82058.31168803362,-17246.775382334265,17246.775382334265,Fair (25-50%)
Malawi,2022,Developed,84537.24794035482,113469.04290565198,-28931.79496529716,28931.79496529716,Fair (25-50%)
Mozambique,2019,Developing,473560.966089669,450887.41863449477,22673.547455174208,22673.547455174208,Excellent (<10%)
Mozambique,2020,Developing,475528.5590457215,480845.51364337385,-5316.954597652366,5316.954597652366,Excellent (<10%)
Mozambique,2021,Developing,125704.39495954424,139290.95940782857,-13586.564448284335,13586.564448284335,Good (10-25%)
Mozambique,2022,Developing,364487.95434414886,283044.08420394076,81443.8701402081,81443.8701402081,Good (10-25%)
Benin,2019,Developed,128407.81522785414,145164.55228272322,-16756.73705486908,16756.73705486908,Good (10-25%)
Benin,2020,Developed,172024.48365142324,179528.40735715276,-7503.92370572951,7503.92370572951,Excellent (<10%)
Benin,2021,Developed,265274.1157557871,236800.89410881334,28473.221646973776,28473.221646973776,Good (10-25%)
Benin,2022,Developed,351015.2730815744,272347.91714244924,78667.35593912518,78667.35593912518,Good (10-25%)
Burkina Faso,2019,Developed,80238.72726246815,131629.2714366757,-51390.54417420756,51390.54417420756,Poor (>50%)
Burkina Faso,2020,Developed,323683.83771885163,275359.9613792234,48323.876339628245,48323.876339628245,Good (10-25%)
Burkina Faso,2021,Developed,217805.33259530563,228809.58570135658,-11004.25310605095,11004.25310605095,Excellent (<10%)
Burkina Faso,2022,Developed,45818.648662906046,71469.04855681934,-25650.399893913294,25650.399893913294,Poor (>50%)
Cape Verde,2019,Developing,216121.58152108305,195467.84909831677,20653.732422766276,20653.732422766276,Excellent (<10%)
Cape Verde,2020,Developing,428288.8204311543,493322.9959125775,-65034.17548142321,65034.17548142321,Good (10-25%)
Cape Verde,2021,Developing,346674.6063676834,460373.5350882547,-113698.92872057133,113698.92872057133,Fair (25-50%)
Cape Verde,2022,Developing,145480.13864423227,174843.91315394038,-29363.774509708106,29363.774509708106,Good (10-25%)
Gambia,2019,Developed,169456.20347320492,207541.1428961035,-38084.93942289858,38084.93942289858,Good (10-25%)
Gambia,2020,Developed,124560.53618762498,142558.42874090734,-17997.892553282363,17997.892553282363,Good (10-25%)
Gambia,2021,Developed,88128.03649455172,115884.76678298428,-27756.73028843256,27756.73028843256,Fair (25-50%)
Gambia,2022,Developed,196422.9324245436,215609.52771873694,-19186.595294193336,19186.595294193336,Excellent (<10%)
Guinea,2019,Least Developed,498849.2953257066,549107.7012016021,-50258.40587589552,50258.40587589552,Good (10-25%)
Guinea,2020,Least Developed,291685.0357598942,291624.63610191667,60.399657977512106,60.399657977512106,Excellent (<10%)
Guinea,2021,Least Developed,392183.43117616256,459968.9378012841,-67785.50662512152,67785.50662512152,Good (10-25%)
Guinea,2022,Least Developed,94857.46142882384,134902.44302257485,-40044.981593751014,40044.981593751014,Fair (25-50%)
Guinea-Bissau,2019,Developing,218392.07898254256,258623.79321494952,-40231.71423240696,40231.71423240696,Good (10-25%)
Guinea-Bissau,2020,Developing,177210.0755103364,229150.80133198123,-51940.725821644824,51940.725821644824,Fair (25-50%)
Guinea-Bissau,2021,Developing,502600.6279487746,530678.8973679407,-28078.269419166143,28078.269419166143,Excellent (<10%)
Guinea-Bissau,2022,Developing,97903.21261316322,155865.74908591443,-57962.536472751206,57962.536472751206,Poor (>50%)
Ivory Coast,2019,Developing,441052.0099992325,456167.91846862686,-15115.908469394373,15115.908469394373,Excellent (<10%)
Ivory Coast,2020,Developing,493164.5881417568,522102.6724890053,-28938.084347248543,28938.084347248543,Excellent (<10%)
Ivory Coast,2021,Developing,504013.4594474437,565376.087043075,-61362.62759563129,61362.62759563129,Good (10-25%)
Ivory Coast,2022,Developing,632704.4718229056,546726.6666324551,85977.80519045051,85977.80519045051,Good (10-25%)
Liberia,2019,Developed,166074.49340548908,151591.36388658162,14483.129518907459,14483.129518907459,Excellent (<10%)
Liberia,2020,Developed,386586.7114765388,330149.62048991735,56437.09098662145,56437.09098662145,Good (10-25%)
Liberia,2021,Developed,328687.1519793511,291029.4209159069,37657.731063444226,37657.731063444226,Good (10-25%)
Liberia,2022,Developed,147606.0386486294,218774.3512844246,-71168.31263579521,71168.31263579521,Fair (25-50%)
Mali,2019,Least Developed,363386.46607320354,312309.8875094387,51076.578563764866,51076.578563764866,Good (10-25%)
Mali,2020,Least Developed,519923.2365607463,546218.4792305987,-26295.242669852334,26295.242669852334,Excellent (<10%)
Mali,2021,Least Developed,364370.7903190424,323534.698894014,40836.0914250284,40836.0914250284,Good (10-25%)
Mali,2022,Least Developed,663480.666550345,624957.1228108894,38523.543739455636,38523.543739455636,Excellent (<10%)
Mauritania,2019,Least Developed,712265.863518637,651456.2801441235,60809.583374513546,60809.583374513546,Excellent (<10%)
Mauritania,2020,Least Developed,176352.42280111546,224581.89525896436,-48229.4724578489,48229.4724578489,Fair (25-50%)
Mauritania,2021,Least Developed,115609.03490953732,166656.17367299707,-51047.13876345975,51047.13876345975,Fair (25-50%)
Mauritania,2022,Least Developed,644196.3822747594,555511.2828160209,88685.09945873846,88685.09945873846,Good (10-25%)
Niger,2019,Developing,225195.43802222644,219963.46274398692,5231.975278239523,5231.975278239523,Excellent (<10%)
Niger,2020,Developing,712189.1504561818,602259.1164784583,109930.03397772356,109930.03397772356,Good (10-25%)
Niger,2021,Developing,629835.0286353003,560944.8797453479,68890.14888995246,68890.14888995246,Good (10-25%)
Niger,2022,Developing,681559.0164561324,566153.8365733891,115405.17988274328,115405.17988274328,Good (10-25%)
Senegal,2019,Developing,387280.0029094074,453747.1344656655,-66467.13155625807,66467.13155625807,Good (10-25%)
Senegal,2020,Developing,638122.0804955446,480704.95279302937,157417.12770251522,157417.12770251522,Good (10-25%)
Senegal,2021,Developing,106765.67413891527,152230.79323153393,-45465.119092618654,45465.119092618654,Fair (25-50%)
Senegal,2022,Developing,92195.11372339046,146129.71162842037,-53934.59790502991,53934.59790502991,Poor (>50%)
Sierra Leone,2019,Least Developed,364707.26494484354,324483.60030314693,40223.66464169661,40223.66464169661,Good (10-25%)
Sierra Leone,2020,Least Developed,132457.14848580078,175988.6259584986,-43531.47747269782,43531.47747269782,Fair (25-50%)
Sierra Leone,2021,Least Developed,467128.2827060144,456872.9391288361,10255.343577178312,10255.343577178312,Excellent (<10%)
Sierra Leone,2022,Least Developed,740298.4772285593,614705.1607462546,125593.31648230471,125593.31648230471,Good (10-25%)
Togo,2019,Developed,181431.03513276528,212139.93709463446,-30708.901961869182,30708.901961869182,Good (10-25%)
Togo,2020,Developed,235917.99697152004,231805.67023195545,4112.326739564596,4112.326739564596,Excellent (<10%)
Togo,2021,Developed,225361.83925824967,222552.45290263122,2809.3863556184515,2809.3863556184515,Excellent (<10%)
Togo,2022,Developed,132184.28725120216,211514.11633399254,-79329.82908279038,79329.82908279038,Poor (>50%)
New Zealand,2019,Developing,512989.855661604,497402.345822073,15587.509839530976,15587.509839530976,Excellent (<10%)
New Zealand,2020,Developing,423685.57367420266,310258.24476123037,113427.3289129723,113427.3289129723,Fair (25-50%)
New Zealand,2021,Developing,612910.5123210844,552230.666514565,60679.845806519384,60679.845806519384,Excellent (<10%)
New Zealand,2022,Developing,245517.6454713196,260594.93809652032,-15077.292625200702,15077.292625200702,Excellent (<10%)
Fiji,2019,Developed,129953.8175336166,173115.48025680985,-43161.66272319325,43161.66272319325,Fair (25-50%)
Fiji,2020,Developed,71717.08808323159,112968.93385019843,-41251.84576696684,41251.84576696684,Poor (>50%)
Fiji,2021,Developed,212762.2572105622,207336.3106312109,5425.946579351323,5425.946579351323,Excellent (<10%)
Fiji,2022,Developed,272601.3177676951,223873.3668281059,48727.95093958921,48727.95093958921,Good (10-25%)
Papua New Guinea,2019,Developing,199536.49075858816,258106.58678556632,-58570.096026978164,58570.096026978164,Fair (25-50%)
Papua New Guinea,2020,Developing,610404.1826890707,508739.7602705123,101664.42241855839,101664.42241855839,Good (10-25%)
Papua New Guinea,2021,Developing,870508.8323367017,611505.4506516381,259003.3816850636,259003.3816850636,Fair (25-50%)
Papua New Guinea,2022,Developing,773011.066371976,595514.6036725603,177496.46269941574,177496.46269941574,Good (10-25%)
Solomon Islands,2019,Developed,181786.1290539294,197029.24051102062,-15243.111457091203,15243.111457091203,Excellent (<10%)
Solomon Islands,2020,Developed,210534.93470482103,212194.36018854458,-1659.4254837235494,1659.4254837235494,Excellent (<10%)
Solomon Islands,2021,Developed,90428.38378443614,127602.20997350497,-37173.82618906883,37173.82618906883,Fair (25-50%)
Solomon Islands,2022,Developed,114581.1488242739,162940.33705244484,-48359.18822817094,48359.18822817094,Fair (25-50%)
Vanuatu,2019,Least Developed,311002.93276887084,268139.0735629641,42863.859205906745,42863.859205906745,Good (10-25%)
Vanuatu,2020,Least Developed,281900.5127466644,353407.7983043985,-71507.28555773408,71507.28555773408,Fair (25-50%)
Vanuatu,2021,Least Developed,598549.8060915077,584879.6745186289,13670.131572878803,13670.131572878803,Excellent (<10%)
Vanuatu,2022,Least Developed,667403.4092538098,613492.9300539605,53910.4791998493,53910.4791998493,Excellent (<10%)
Samoa,2019,Developing,600644.6976589322,596686.4262002666,3958.2714586656075,3958.2714586656075,Excellent (<10%)
Samoa,2020,Developing,575094.6256041044,486265.8698159729,88828.75578813144,88828.75578813144,Good (10-25%)
Samoa,2021,Developing,689203.8748558769,601357.0449329953,87846.82992288156,87846.82992288156,Good (10-25%)
Samoa,2022,Developing,198925.14978420327,234925.46787636736,-36000.31809216409,36000.31809216409,Good (10-25%)
Tonga,2019,Developing,692644.1746978743,570801.7859047669,121842.38879310747,121842.38879310747,Good (10-25%)
Tonga,2020,Developing,269558.3017674948,217686.21902715068,51872.082740344136,51872.082740344136,Good (10-25%)
Tonga,2021,Developing,334790.38215533574,274832.85018498433,59957.53197035141,59957.53197035141,Good (10-25%)
Tonga,2022,Developing,226624.4061210812,211081.22027261622,15543.185848464986,15543.185848464986,Excellent (<10%)
Kiribati,2019,Developed,188991.36842800645,214475.23071128596,-25483.862283279508,25483.862283279508,Good (10-25%)
Kiribati,2020,Developed,56031.43890258868,76614.3109441814,-20582.872041592724,20582.872041592724,Fair (25-50%)
Kiribati,2021,Developed,250038.1322014168,228792.71053202506,21245.42166939174,21245.42166939174,Excellent (<10%)
Kiribati,2022,Developed,183600.44812735613,203711.976540542,-20111.52841318588,20111.52841318588,Good (10-25%)
Tuvalu,2019,Developing,312343.7277639033,304925.5002675167,7418.227496386622,7418.227496386622,Excellent (<10%)
Tuvalu,2020,Developing,250476.58195621765,254495.4098270212,-4018.827870803565,4018.827870803565,Excellent (<10%)
Tuvalu,2021,Developing,208085.1849237287,252949.63661608423,-44864.451692355535,44864.451692355535,Good (10-25%)
Tuvalu,2022,Developing,249582.54523115343,312069.7378673047,-62487.192636151274,62487.192636151274,Fair (25-50%)
Nauru,2019,Developing,420384.7116806008,418293.0430113886,2091.668669212202,2091.668669212202,Excellent (<10%)
Nauru,2020,Developing,473777.23577065306,452929.0741350724,20848.161635580647,20848.161635580647,Excellent (<10%)
Nauru,2021,Developing,147412.28117601006,190877.31422732712,-43465.03305131706,43465.03305131706,Fair (25-50%)
Nauru,2022,Developing,334344.18630772113,300027.6355944163,34316.55071330484,34316.55071330484,Good (10-25%)
Palau,2019,Developing,142288.86053275882,170919.0785570573,-28630.21802429849,28630.21802429849,Good (10-25%)
Palau,2020,Developing,681542.2860766298,577207.0092252322,104335.27685139759,104335.27685139759,Good (10-25%)
Palau,2021,Developing,482455.66393154574,537802.3974594986,-55346.73352795286,55346.73352795286,Good (10-25%)
Palau,2022,Developing,534853.8475126959,517675.6039451028,17178.243567593163,17178.243567593163,Excellent (<10%)
Marshall Islands,2019,Developing,411797.275230619,436894.448957533,-25097.173726913985,25097.173726913985,Excellent (<10%)
Marshall Islands,2020,Developing,377786.0021725473,293914.88335603994,83871.11881650734,83871.11881650734,Good (10-25%)
Marshall Islands,2021,Developing,768428.8669150601,638746.0717396435,129682.79517541663,129682.79517541663,Good (10-25%)
Marshall Islands,2022,Developing,349066.9850697487,362958.2885276175,-13891.30345786881,13891.30345786881,Excellent (<10%)
Micronesia,2019,Least Developed,472863.8015132624,454563.8805647307,18299.92094853171,18299.92094853171,Excellent (<10%)
Micronesia,2020,Least Developed,203258.2116421537,186595.85272528583,16662.358916867874,16662.358916867874,Excellent (<10%)
Micronesia,2021,Least Developed,439811.3289733512,549471.9241186014,-109660.59514525015,109660.59514525015,Good (10-25%)
Micronesia,2022,Least Developed,748666.9992817598,615869.3556874639,132797.64359429595,132797.64359429595,Good (10-25%)
Maldives,2019,Developing,229732.35511909844,241497.9350706599,-11765.579951561464,11765.579951561464,Excellent (<10%)
Maldives,2020,Developing,246151.88390758543,272444.9978134735,-26293.11390588808,26293.11390588808,Good (10-25%)
Maldives,2021,Developing,257750.44970197868,238688.385924528,19062.063777450676,19062.063777450676,Excellent (<10%)
Maldives,2022,Developing,169777.95437887494,163987.45726401062,5790.4971148643235,5790.4971148643235,Excellent (<10%)
Bhutan,2019,Developing,325663.00648520567,338036.8337505245,-12373.827265318832,12373.827265318832,Excellent (<10%)
Bhutan,2020,Developing,173190.53432842926,192363.23960682045,-19172.705278391193,19172.705278391193,Good (10-25%)
Bhutan,2021,Developing,562918.2512763947,502644.1729787774,60274.07829761732,60274.07829761732,Good (10-25%)
Bhutan,2022,Developing,739689.8438341564,613733.5280131368,125956.31582101958,125956.31582101958,Good (10-25%)
Nepal,2019,Developing,547728.2280748176,545021.0655821539,2707.162492663716,2707.162492663716,Excellent (<10%)
Nepal,2020,Developing,281925.5046943712,329770.797361677,-47845.292667305795,47845.292667305795,Good (10-25%)
Nepal,2021,Developing,670788.4131136003,571399.909639241,99388.50347435928,99388.50347435928,Good (10-25%)
Nepal,2022,Developing,437084.7766736635,470634.1905449622,-33549.41387129866,33549.41387129866,Excellent (<10%)
Yemen,2019,Least Developed,792305.8670325693,605926.6093729669,186379.25765960233,186379.25765960233,Good (10-25%)
Yemen,2020,Least Developed,72033.29926044696,109345.55890315401,-37312.25964270705,37312.25964270705,Poor (>50%)
Yemen,2021,Least Developed,88548.12308519594,135629.22710073495,-47081.10401553901,47081.10401553901,Poor (>50%)
Yemen,2022,Least Developed,384604.5664859166,439663.7622874699,-55059.19580155326,55059.19580155326,Good (10-25%)
Oman,2019,Developed,244006.31547019645,235410.04045583293,8596.27501436352,8596.27501436352,Excellent (<10%)
Oman,2020,Developed,215810.03185522804,252128.71028321245,-36318.678427984414,36318.678427984414,Good (10-25%)
Oman,2021,Developed,218726.32236380395,230985.5674802192,-12259.245116415259,12259.245116415259,Excellent (<10%)
Oman,2022,Developed,112566.66118868324,175444.31090118375,-62877.64971250051,62877.64971250051,Poor (>50%)
Qatar,2019,Developing,354879.47794390994,356451.4988416758,-1572.0208977658767,1572.0208977658767,Excellent (<10%)
Qatar,2020,Developing,502280.1241469233,451243.99501989194,51036.12912703137,51036.12912703137,Good (10-25%)
Qatar,2021,Developing,213566.16123589253,223277.31937464335,-9711.15813875082,9711.15813875082,Excellent (<10%)
Qatar,2022,Developing,664311.0909398566,559246.2899839877,105064.80095586891,105064.80095586891,Good (10-25%)
Kuwait,2019,Least Developed,162663.80508386318,177255.14897150212,-14591.343887638941,14591.343887638941,Excellent (<10%)
Kuwait,2020,Least Developed,313560.4191674087,303085.9419883359,10474.477179072797,10474.477179072797,Excellent (<10%)
Kuwait,2021,Least Developed,262322.6516173701,279041.4316699369,-16718.780052566843,16718.780052566843,Excellent (<10%)
Kuwait,2022,Least Developed,789159.1421201427,616872.2243451,172286.9177750427,172286.9177750427,Good (10-25%)
Bahrain,2019,Developing,424127.9071481527,494855.45693744364,-70727.54978929093,70727.54978929093,Good (10-25%)
Bahrain,2020,Developing,310293.78383720416,397735.5811042086,-87441.79726700444,87441.79726700444,Fair (25-50%)
Bahrain,2021,Developing,724110.9328484181,602934.3888957424,121176.54395267577,121176.54395267577,Good (10-25%)
Bahrain,2022,Developing,263276.87644623587,361594.5477887552,-98317.67134251934,98317.67134251934,Fair (25-50%)
Luxembourg,2019,Developing,295426.04199632513,303328.8507301342,-7902.808733809041,7902.808733809041,Excellent (<10%)
Luxembourg,2020,Developing,577294.8330724131,572565.7155180272,4729.1175543859135,4729.1175543859135,Excellent (<10%)
Luxembourg,2021,Developing,408236.0090921326,468826.2998211883,-60590.290729055705,60590.290729055705,Good (10-25%)
Luxembourg,2022,Developing,630202.0514742649,533001.3108683284,97200.7406059365,97200.7406059365,Good (10-25%)
Monaco,2019,Developing,409989.76970836223,435861.9643165942,-25872.19460823195,25872.19460823195,Excellent (<10%)
Monaco,2020,Developing,735013.5033328298,638353.8565628299,96659.64676999988,96659.64676999988,Good (10-25%)
Monaco,2021,Developing,455913.4728056417,521961.5614042433,-66048.08859860158,66048.08859860158,Good (10-25%)
Monaco,2022,Developing,613796.9083412309,564917.8882067186,48879.020134512335,48879.020134512335,Excellent (<10%)
San Marino,2019,Least Developed,173856.44895839624,220975.55407264092,-47119.10511424468,47119.10511424468,Fair (25-50%)
San Marino,2020,Least Developed,356415.95041601267,281958.1323834126,74457.81803260004,74457.81803260004,Good (10-25%)
San Marino,2021,Least Developed,472419.37642850814,454833.15569211554,17586.2207363926,17586.2207363926,Excellent (<10%)
San Marino,2022,Least Developed,117967.94883529644,142878.45185572497,-24910.50302042853,24910.50302042853,Good (10-25%)
Vatican City,2019,Least Developed,742919.7051204802,572674.3156626663,170245.3894578138,170245.3894578138,Good (10-25%)
Vatican City,2020,Least Developed,208167.5832765385,198794.94978180339,9372.633494735113,9372.633494735113,Excellent (<10%)
Vatican City,2021,Least Developed,155327.2400675364,201243.74160168436,-45916.501534147974,45916.501534147974,Fair (25-50%)
Vatican City,2022,Least Developed,423885.0857256447,425620.7745072315,-1735.6887815867667,1735.6887815867667,Excellent (<10%)
Andorra,2019,Developed,326463.35773509345,323078.91432249435,3384.4434125990956,3384.4434125990956,Excellent (<10%)
Andorra,2020,Developed,161811.4468581574,210919.26808176405,-49107.82122360665,49107.82122360665,Fair (25-50%)
Andorra,2021,Developed,231171.15508551983,216995.93851756706,14175.216567952768,14175.216567952768,Excellent (<10%)
Andorra,2022,Developed,189331.67197402293,249241.96657846487,-59910.29460444194,59910.29460444194,Fair (25-50%)
Liechtenstein,2019,Developed,249023.0718837384,251913.19846855054,-2890.1265848121548,2890.1265848121548,Excellent (<10%)
Liechtenstein,2020,Developed,171519.55432895775,226851.5530014427,-55331.998672484944,55331.998672484944,Fair (25-50%)
Liechtenstein,2021,Developed,129129.70065172264,163644.8076694088,-34515.107017686154,34515.107017686154,Fair (25-50%)
Liechtenstein,2022,Developed,148320.41252996333,188651.80641978956,-40331.39388982623,40331.39388982623,Fair (25-50%)
Malta,2019,Developed,185854.7525825397,206254.7927810309,-20400.040198491217,20400.040198491217,Good (10-25%)
Malta,2020,Developed,237509.47571296175,253501.97035893856,-15992.49464597681,15992.49464597681,Excellent (<10%)
Malta,2021,Developed,118570.8350581294,135875.1080066273,-17304.27294849789,17304.27294849789,Good (10-25%)
Malta,2022,Developed,123019.10682199609,187048.6367082026,-64029.52988620651,64029.52988620651,Poor (>50%)
Cyprus,2019,Least Developed,559320.5377964962,567519.4953471527,-8198.957550656516,8198.957550656516,Excellent (<10%)
Cyprus,2020,Least Developed,349271.39657184243,427255.0602775504,-77983.663705708,77983.663705708,Good (10-25%)
Cyprus,2021,Least Developed,567674.9251969771,566146.1327060641,1528.7924909129506,1528.7924909129506,Excellent (<10%)
Cyprus,2022,Least Developed,597321.4261245115,583251.8913314873,14069.534793024184,14069.534793024184,Excellent (<10%)
Iceland,2019,Developing,842097.2763279708,675131.57316786,166965.70316011074,166965.70316011074,Good (10-25%)
Iceland,2020,Developing,72108.87848008792,130818.23611522133,-58709.357635133405,58709.357635133405,Poor (>50%)
Iceland,2021,Developing,660203.7413009964,629650.4010027982,30553.340298198164,30553.340298198164,Excellent (<10%)
Iceland,2022,Developing,621445.5298312327,563341.4633129182,58104.06651831453,58104.06651831453,Excellent (<10%)
Greenland,2019,Developed,90402.35306674664,117781.45658353102,-27379.10351678438,27379.10351678438,Fair (25-50%)
Greenland,2020,Developed,118295.66806786694,132927.20108562766,-14631.533017760725,14631.533017760725,Good (10-25%)
Greenland,2021,Developed,33120.92200787233,78069.87042032777,-44948.948412455444,44948.948412455444,Poor (>50%)
Greenland,2022,Developed,248998.11132593357,278716.880597967,-29718.769272033445,29718.769272033445,Good (10-25%)
Faroe Islands,2019,Developed,274676.89172335406,228163.3425953715,46513.54912798255,46513.54912798255,Good (10-25%)
Faroe Islands,2020,Developed,183421.08125601723,201396.55223142798,-17975.470975410746,17975.470975410746,Excellent (<10%)
Faroe Islands,2021,Developed,61379.55715601669,81471.06222700771,-20091.50507099102,20091.50507099102,Fair (25-50%)
Faroe Islands,2022,Developed,395025.73740759183,351353.3625254141,43672.37488217774,43672.37488217774,Good (10-25%)
Brunei,2019,Developed,219826.1320121182,255845.61407963448,-36019.48206751628,36019.48206751628,Good (10-25%)
Brunei,2020,Developed,213830.1343614977,211100.6973227594,2729.4370387383096,2729.4370387383096,Excellent (<10%)
Brunei,2021,Developed,129792.2957274382,199454.30706180562,-69662.01133436742,69662.01133436742,Poor (>50%)
Brunei,2022,Developed,61637.51467444851,92731.20891655594,-31093.694242107435,31093.694242107435,Poor (>50%)
East Timor,2019,Developing,196441.40215505785,169487.32501910892,26954.07713594893,26954.07713594893,Good (10-25%)
East Timor,2020,Developing,747358.7768729907,624178.6440273464,123180.13284564426,123180.13284564426,Good (10-25%)
East Timor,2021,Developing,321265.46213412925,390707.964077307,-69442.50194317778,69442.50194317778,Good (10-25%)
East Timor,2022,Developing,466879.7299682164,404779.5567754928,62100.173192723596,62100.173192723596,Good (10-25%)
Macao,2019,Developed,68862.05779968255,82065.7959721588,-13203.738172476253,13203.738172476253,Good (10-25%)
Macao,2020,Developed,70212.48126621012,94420.93490417479,-24208.453637964674,24208.453637964674,Fair (25-50%)
Macao,2021,Developed,37814.52337400813,70109.92733750652,-32295.403963498393,32295.403963498393,Poor (>50%)
Macao,2022,Developed,183706.48446282797,241420.73675279433,-57714.25228996636,57714.25228996636,Fair (25-50%)
Hong Kong,2019,Developed,113648.35367959124,141973.2654778025,-28324.91179821125,28324.91179821125,Good (10-25%)
Hong Kong,2020,Developed,101725.99718799489,150047.4377136978,-48321.4405257029,48321.4405257029,Fair (25-50%)
Hong Kong,2021,Developed,249045.3357989044,236041.30594612102,13004.029852783366,13004.029852783366,Excellent (<10%)
Hong Kong,2022,Developed,175181.19586856512,211748.33811022827,-36567.142241663154,36567.142241663154,Good (10-25%)
